0,neg
1,neg
2,neg
3,neg
4,neg
5,neg
6,neg
7,neg
8,neg
9,neg
10,neg
11,neg
12,neg
13,neg
14,neg
15,neg
16,neg
17,neg
18,neg
19,neg
20,neg
21,neg
22,neg
23,neg
24,neg
25,neg
26,neg
27,neg
28,neg
29,neg
30,neg
31,neg
32,neg
33,neg
34,neg
35,neg
36,neg
37,neg
38,neg
39,neg
40,neg
41,neg
42,neg
43,neg
44,neg
45,neg
46,neg
47,neg
48,neg
49,neg
50,neg
51,neg
52,neg
53,neg
54,neg
55,neg
56,neg
57,neg
58,neg
59,neg
60,neg
61,neg
62,neg
63,neg
64,neg
65,neg
66,neg
67,neg
68,neg
69,neg
70,neg
71,neg
72,neg
73,neg
74,neg
75,neg
76,neg
77,neg
78,neg
79,neg
80,neg
81,neg
82,neg
83,neg
84,neg
85,neg
86,neg
87,neg
88,neg
89,neg
90,neg
91,neg
92,neg
93,neg
94,neg
95,neg
96,neg
97,neg
98,neg
99,neg
100,neg
101,neg
102,neg
103,neg
104,neg
105,neg
106,neg
107,neg
108,neg
109,neg
110,neg
111,neg
112,neg
113,neg
114,neg
115,neg
116,neg
117,neg
118,neg
119,neg
120,neg
121,neg
122,neg
123,neg
124,neg
125,neg
126,neg
127,neg
128,neg
129,neg
130,neg
131,neg
132,neg
133,neg
134,neg
135,neg
136,neg
137,neg
138,neg
139,neg
140,neg
141,neg
142,neg
143,neg
144,neg
145,neg
146,neg
147,neg
148,neg
149,neg
150,neg
151,neg
152,neg
153,neg
154,neg
155,neg
156,neg
157,neg
158,neg
159,neg
160,neg
161,neg
162,neg
163,neg
164,neg
165,neg
166,neg
167,neg
168,neg
169,neg
170,neg
171,neg
172,neg
173,neg
174,neg
175,neg
176,neg
177,neg
178,neg
179,neg
180,neg
181,neg
182,neg
183,neg
184,neg
185,neg
186,neg
187,neg
188,neg
189,neg
190,neg
191,neg
192,neg
193,neg
194,neg
195,neg
196,neg
197,neg
198,neg
199,neg
200,neg
201,neg
202,neg
203,neg
204,neg
205,neg
206,neg
207,neg
208,neg
209,neg
210,neg
211,neg
212,neg
213,neg
214,neg
215,neg
216,neg
217,neg
218,neg
219,neg
220,neg
221,neg
222,neg
223,neg
224,neg
225,neg
226,neg
227,neg
228,neg
229,neg
230,neg
231,neg
232,neg
233,neg
234,neg
235,neg
236,neg
237,neg
238,neg
239,neg
240,neg
241,neg
242,neg
243,neg
244,neg
245,neg
246,neg
247,neg
248,neg
249,neg
250,neg
251,neg
252,neg
253,neg
254,neg
255,neg
256,neg
257,neg
258,neg
259,neg
260,neg
261,neg
262,neg
263,neg
264,neg
265,neg
266,neg
267,neg
268,neg
269,neg
270,neg
271,neg
272,neg
273,neg
274,neg
275,neg
276,neg
277,neg
278,neg
279,neg
280,neg
281,neg
282,neg
283,neg
284,neg
285,neg
286,neg
287,neg
288,neg
289,neg
290,neg
291,neg
292,neg
293,neg
294,neg
295,neg
296,neg
297,neg
298,neg
299,neg
300,neg
301,neg
302,neg
303,neg
304,neg
305,neg
306,neg
307,neg
308,neg
309,neg
310,neg
311,neg
312,neg
313,neg
314,neg
315,neg
316,neg
317,neg
318,neg
319,neg
320,neg
321,neg
322,neg
323,neg
324,neg
325,neg
326,neg
327,neg
328,neg
329,neg
330,neg
331,neg
332,neg
333,neg
334,neg
335,neg
336,neg
337,neg
338,neg
339,neg
340,neg
341,neg
342,neg
343,neg
344,neg
345,neg
346,neg
347,neg
348,neg
349,neg
350,neg
351,neg
352,neg
353,neg
354,neg
355,neg
356,neg
357,neg
358,neg
359,neg
360,neg
361,neg
362,neg
363,neg
364,neg
365,neg
366,neg
367,neg
368,neg
369,neg
370,neg
371,neg
372,neg
373,neg
374,neg
375,neg
376,neg
377,neg
378,neg
379,neg
380,neg
381,neg
382,neg
383,neg
384,neg
385,neg
386,neg
387,neg
388,neg
389,neg
390,neg
391,neg
392,neg
393,neg
394,neg
395,neg
396,neg
397,neg
398,neg
399,neg
400,neg
401,neg
402,neg
403,neg
404,neg
405,neg
406,neg
407,neg
408,neg
409,neg
410,neg
411,neg
412,neg
413,neg
414,neg
415,neg
416,neg
417,neg
418,neg
419,neg
420,neg
421,neg
422,neg
423,neg
424,neg
425,neg
426,neg
427,neg
428,neg
429,neg
430,neg
431,neg
432,neg
433,neg
434,neg
435,neg
436,neg
437,neg
438,neg
439,neg
440,neg
441,neg
442,neg
443,neg
444,neg
445,neg
446,neg
447,neg
448,neg
449,neg
450,neg
451,neg
452,neg
453,neg
454,neg
455,neg
456,neg
457,neg
458,neg
459,neg
460,neg
461,neg
462,neg
463,neg
464,neg
465,neg
466,neg
467,neg
468,neg
469,neg
470,neg
471,neg
472,neg
473,neg
474,neg
475,neg
476,neg
477,neg
478,neg
479,neg
480,neg
481,neg
482,neg
483,neg
484,neg
485,neg
486,neg
487,neg
488,neg
489,neg
490,neg
491,neg
492,neg
493,neg
494,neg
495,neg
496,neg
497,neg
498,neg
499,neg
500,neg
501,neg
502,neg
503,neg
504,neg
505,neg
506,neg
507,neg
508,neg
509,neg
510,neg
511,neg
512,neg
513,neg
514,neg
515,neg
516,neg
517,neg
518,neg
519,neg
520,neg
521,neg
522,neg
523,neg
524,neg
525,neg
526,neg
527,neg
528,neg
529,neg
530,neg
531,neg
532,neg
533,neg
534,neg
535,neg
536,neg
537,neg
538,neg
539,neg
540,neg
541,neg
542,neg
543,neg
544,neg
545,neg
546,neg
547,neg
548,neg
549,neg
550,neg
551,neg
552,neg
553,neg
554,neg
555,neg
556,neg
557,neg
558,neg
559,neg
560,neg
561,neg
562,neg
563,neg
564,neg
565,neg
566,neg
567,neg
568,neg
569,neg
570,neg
571,neg
572,neg
573,neg
574,neg
575,neg
576,neg
577,neg
578,neg
579,neg
580,neg
581,neg
582,neg
583,neg
584,neg
585,neg
586,neg
587,neg
588,neg
589,neg
590,neg
591,neg
592,neg
593,neg
594,neg
595,neg
596,neg
597,neg
598,neg
599,neg
600,neg
601,neg
602,neg
603,neg
604,neg
605,neg
606,neg
607,neg
608,neg
609,neg
610,neg
611,neg
612,neg
613,neg
614,neg
615,neg
616,neg
617,neg
618,neg
619,neg
620,neg
621,neg
622,neg
623,neg
624,neg
625,neg
626,neg
627,neg
628,neg
629,neg
630,neg
631,neg
632,neg
633,neg
634,neg
635,neg
636,neg
637,neg
638,neg
639,neg
640,neg
641,neg
642,neg
643,neg
644,neg
645,neg
646,neg
647,neg
648,neg
649,neg
650,neg
651,neg
652,neg
653,neg
654,neg
655,neg
656,neg
657,neg
658,neg
659,neg
660,neg
661,neg
662,neg
663,neg
664,neg
665,neg
666,neg
667,neg
668,neg
669,neg
670,neg
671,neg
672,neg
673,neg
674,neg
675,neg
676,neg
677,neg
678,neg
679,neg
680,neg
681,neg
682,neg
683,neg
684,neg
685,neg
686,neg
687,neg
688,neg
689,neg
690,neg
691,neg
692,neg
693,neg
694,neg
695,neg
696,neg
697,neg
698,neg
699,neg
700,neg
701,neg
702,neg
703,neg
704,neg
705,neg
706,neg
707,neg
708,neg
709,neg
710,neg
711,neg
712,neg
713,neg
714,neg
715,neg
716,neg
717,neg
718,neg
719,neg
720,neg
721,neg
722,neg
723,neg
724,neg
725,neg
726,neg
727,neg
728,neg
729,neg
730,neg
731,neg
732,neg
733,neg
734,neg
735,neg
736,neg
737,neg
738,neg
739,neg
740,neg
741,neg
742,neg
743,neg
744,neg
745,neg
746,neg
747,neg
748,neg
749,neg
750,neg
751,neg
752,neg
753,neg
754,neg
755,neg
756,neg
757,neg
758,neg
759,neg
760,neg
761,neg
762,neg
763,neg
764,neg
765,neg
766,neg
767,neg
768,neg
769,neg
770,neg
771,neg
772,neg
773,neg
774,neg
775,neg
776,neg
777,neg
778,neg
779,neg
780,neg
781,neg
782,neg
783,neg
784,neg
785,neg
786,neg
787,neg
788,neg
789,neg
790,neg
791,neg
792,neg
793,neg
794,neg
795,neg
796,neg
797,neg
798,neg
799,neg
800,neg
801,neg
802,neg
803,neg
804,neg
805,neg
806,neg
807,neg
808,neg
809,neg
810,neg
811,neg
812,neg
813,neg
814,neg
815,neg
816,neg
817,neg
818,neg
819,neg
820,neg
821,neg
822,neg
823,neg
824,neg
825,neg
826,neg
827,neg
828,neg
829,neg
830,neg
831,neg
832,neg
833,neg
834,neg
835,neg
836,neg
837,neg
838,neg
839,neg
840,neg
841,neg
842,neg
843,neg
844,neg
845,neg
846,neg
847,neg
848,neg
849,neg
850,neg
851,neg
852,neg
853,neg
854,neg
855,neg
856,neg
857,neg
858,neg
859,neg
860,neg
861,neg
862,neg
863,neg
864,neg
865,neg
866,neg
867,neg
868,neg
869,neg
870,neg
871,neg
872,neg
873,neg
874,neg
875,neg
876,neg
877,neg
878,neg
879,neg
880,neg
881,neg
882,neg
883,neg
884,neg
885,neg
886,neg
887,neg
888,neg
889,neg
890,neg
891,neg
892,neg
893,neg
894,neg
895,neg
896,neg
897,neg
898,neg
899,neg
900,neg
901,neg
902,neg
903,neg
904,neg
905,neg
906,neg
907,neg
908,neg
909,neg
910,neg
911,neg
912,neg
913,neg
914,neg
915,neg
916,neg
917,neg
918,neg
919,neg
920,neg
921,neg
922,neg
923,neg
924,neg
925,neg
926,neg
927,neg
928,neg
929,neg
930,neg
931,neg
932,neg
933,neg
934,neg
935,neg
936,neg
937,neg
938,neg
939,neg
940,neg
941,neg
942,neg
943,neg
944,neg
945,neg
946,neg
947,neg
948,neg
949,neg
950,neg
951,neg
952,neg
953,neg
954,neg
955,neg
956,neg
957,neg
958,neg
959,neg
960,neg
961,neg
962,neg
963,neg
964,neg
965,neg
966,neg
967,neg
968,neg
969,neg
970,neg
971,neg
972,neg
973,neg
974,neg
975,neg
976,neg
977,neg
978,neg
979,neg
980,neg
981,neg
982,neg
983,neg
984,neg
985,neg
986,neg
987,neg
988,neg
989,neg
990,neg
991,neg
992,neg
993,neg
994,neg
995,neg
996,neg
997,neg
998,neg
999,neg
1000,neg
1001,neg
1002,neg
1003,neg
1004,neg
1005,neg
1006,neg
1007,neg
1008,neg
1009,neg
1010,neg
1011,neg
1012,neg
1013,neg
1014,neg
1015,neg
1016,neg
1017,neg
1018,neg
1019,neg
1020,neg
1021,neg
1022,neg
1023,neg
1024,neg
1025,neg
1026,neg
1027,neg
1028,neg
1029,neg
1030,neg
1031,neg
1032,neg
1033,neg
1034,neg
1035,neg
1036,neg
1037,neg
1038,neg
1039,neg
1040,neg
1041,neg
1042,neg
1043,neg
1044,neg
1045,neg
1046,neg
1047,neg
1048,neg
1049,neg
1050,neg
1051,neg
1052,neg
1053,neg
1054,neg
1055,neg
1056,neg
1057,neg
1058,neg
1059,neg
1060,neg
1061,neg
1062,neg
1063,neg
1064,neg
1065,neg
1066,neg
1067,neg
1068,neg
1069,neg
1070,neg
1071,neg
1072,neg
1073,neg
1074,neg
1075,neg
1076,neg
1077,neg
1078,neg
1079,neg
1080,neg
1081,neg
1082,neg
1083,neg
1084,neg
1085,neg
1086,neg
1087,neg
1088,neg
1089,neg
1090,neg
1091,neg
1092,neg
1093,neg
1094,neg
1095,neg
1096,neg
1097,neg
1098,neg
1099,neg
1100,neg
1101,neg
1102,neg
1103,neg
1104,neg
1105,neg
1106,neg
1107,neg
1108,neg
1109,neg
1110,neg
1111,neg
1112,neg
1113,neg
1114,neg
1115,neg
1116,neg
1117,neg
1118,neg
1119,neg
1120,neg
1121,neg
1122,neg
1123,neg
1124,neg
1125,neg
1126,neg
1127,neg
1128,neg
1129,neg
1130,neg
1131,neg
1132,neg
1133,neg
1134,neg
1135,neg
1136,neg
1137,neg
1138,neg
1139,neg
1140,neg
1141,neg
1142,neg
1143,neg
1144,neg
1145,neg
1146,neg
1147,neg
1148,neg
1149,neg
1150,neg
1151,neg
1152,neg
1153,neg
1154,neg
1155,neg
1156,neg
1157,neg
1158,neg
1159,neg
1160,neg
1161,neg
1162,neg
1163,neg
1164,neg
1165,neg
1166,neg
1167,neg
1168,neg
1169,neg
1170,neg
1171,neg
1172,neg
1173,neg
1174,neg
1175,neg
1176,neg
1177,neg
1178,neg
1179,neg
1180,neg
1181,neg
1182,neg
1183,neg
1184,neg
1185,neg
1186,neg
1187,neg
1188,neg
1189,neg
1190,neg
1191,neg
1192,neg
1193,neg
1194,neg
1195,neg
1196,neg
1197,neg
1198,neg
1199,neg
1200,neg
1201,neg
1202,neg
1203,neg
1204,neg
1205,neg
1206,neg
1207,neg
1208,neg
1209,neg
1210,neg
1211,neg
1212,neg
1213,neg
1214,neg
1215,neg
1216,neg
1217,neg
1218,neg
1219,neg
1220,neg
1221,neg
1222,neg
1223,neg
1224,neg
1225,neg
1226,neg
1227,neg
1228,neg
1229,neg
1230,neg
1231,neg
1232,neg
1233,neg
1234,neg
1235,neg
1236,neg
1237,neg
1238,neg
1239,neg
1240,neg
1241,neg
1242,neg
1243,neg
1244,neg
1245,neg
1246,neg
1247,neg
1248,neg
1249,neg
1250,neg
1251,neg
1252,neg
1253,neg
1254,neg
1255,neg
1256,neg
1257,neg
1258,neg
1259,neg
1260,neg
1261,neg
1262,neg
1263,neg
1264,neg
1265,neg
1266,neg
1267,neg
1268,neg
1269,neg
1270,neg
1271,neg
1272,neg
1273,neg
1274,neg
1275,neg
1276,neg
1277,neg
1278,neg
1279,neg
1280,neg
1281,neg
1282,neg
1283,neg
1284,neg
1285,neg
1286,neg
1287,neg
1288,neg
1289,neg
1290,neg
1291,neg
1292,neg
1293,neg
1294,neg
1295,neg
1296,neg
1297,neg
1298,neg
1299,neg
1300,neg
1301,neg
1302,neg
1303,neg
1304,neg
1305,neg
1306,neg
1307,neg
1308,neg
1309,neg
1310,neg
1311,neg
1312,neg
1313,neg
1314,neg
1315,neg
1316,neg
1317,neg
1318,neg
1319,neg
1320,neg
1321,neg
1322,neg
1323,neg
1324,neg
1325,neg
1326,neg
1327,neg
1328,neg
1329,neg
1330,neg
1331,neg
1332,neg
1333,neg
1334,neg
1335,neg
1336,neg
1337,neg
1338,neg
1339,neg
1340,neg
1341,neg
1342,neg
1343,neg
1344,neg
1345,neg
1346,neg
1347,neg
1348,neg
1349,neg
1350,neg
1351,neg
1352,neg
1353,neg
1354,neg
1355,neg
1356,neg
1357,neg
1358,neg
1359,neg
1360,neg
1361,neg
1362,neg
1363,neg
1364,neg
1365,neg
1366,neg
1367,neg
1368,neg
1369,neg
1370,neg
1371,neg
1372,neg
1373,neg
1374,neg
1375,neg
1376,neg
1377,neg
1378,neg
1379,neg
1380,neg
1381,neg
1382,neg
1383,neg
1384,neg
1385,neg
1386,neg
1387,neg
1388,neg
1389,neg
1390,neg
1391,neg
1392,neg
1393,neg
1394,neg
1395,neg
1396,neg
1397,neg
1398,neg
1399,neg
1400,neg
1401,neg
1402,neg
1403,neg
1404,neg
1405,neg
1406,neg
1407,neg
1408,neg
1409,neg
1410,neg
1411,neg
1412,neg
1413,neg
1414,neg
1415,neg
1416,neg
1417,neg
1418,neg
1419,neg
1420,neg
1421,neg
1422,neg
1423,neg
1424,neg
1425,neg
1426,neg
1427,neg
1428,neg
1429,neg
1430,neg
1431,neg
1432,neg
1433,neg
1434,neg
1435,neg
1436,neg
1437,neg
1438,neg
1439,neg
1440,neg
1441,neg
1442,neg
1443,neg
1444,neg
1445,neg
1446,neg
1447,neg
1448,neg
1449,neg
1450,neg
1451,neg
1452,neg
1453,neg
1454,neg
1455,neg
1456,neg
1457,neg
1458,neg
1459,neg
1460,neg
1461,neg
1462,neg
1463,neg
1464,neg
1465,neg
1466,neg
1467,neg
1468,neg
1469,neg
1470,neg
1471,neg
1472,neg
1473,neg
1474,neg
1475,neg
1476,neg
1477,neg
1478,neg
1479,neg
1480,neg
1481,neg
1482,neg
1483,neg
1484,neg
1485,neg
1486,neg
1487,neg
1488,neg
1489,neg
1490,neg
1491,neg
1492,neg
1493,neg
1494,neg
1495,neg
1496,neg
1497,neg
1498,neg
1499,neg
1500,neg
1501,neg
1502,neg
1503,neg
1504,neg
1505,neg
1506,neg
1507,neg
1508,neg
1509,neg
1510,neg
1511,neg
1512,neg
1513,neg
1514,neg
1515,neg
1516,neg
1517,neg
1518,neg
1519,neg
1520,neg
1521,neg
1522,neg
1523,neg
1524,neg
1525,neg
1526,neg
1527,neg
1528,neg
1529,neg
1530,neg
1531,neg
1532,neg
1533,neg
1534,neg
1535,neg
1536,neg
1537,neg
1538,neg
1539,neg
1540,neg
1541,neg
1542,neg
1543,neg
1544,neg
1545,neg
1546,neg
1547,neg
1548,neg
1549,neg
1550,neg
1551,neg
1552,neg
1553,neg
1554,neg
1555,neg
1556,neg
1557,neg
1558,neg
1559,neg
1560,neg
1561,neg
1562,neg
1563,neg
1564,neg
1565,neg
1566,neg
1567,neg
1568,neg
1569,neg
1570,neg
1571,neg
1572,neg
1573,neg
1574,neg
1575,neg
1576,neg
1577,neg
1578,neg
1579,neg
1580,neg
1581,neg
1582,neg
1583,neg
1584,neg
1585,neg
1586,neg
1587,neg
1588,neg
1589,neg
1590,neg
1591,neg
1592,neg
1593,neg
1594,neg
1595,neg
1596,neg
1597,neg
1598,neg
1599,neg
1600,neg
1601,neg
1602,neg
1603,neg
1604,neg
1605,neg
1606,neg
1607,neg
1608,neg
1609,neg
1610,neg
1611,neg
1612,neg
1613,neg
1614,neg
1615,neg
1616,neg
1617,neg
1618,neg
1619,neg
1620,neg
1621,neg
1622,neg
1623,neg
1624,neg
1625,neg
1626,neg
1627,neg
1628,neg
1629,neg
1630,neg
1631,neg
1632,neg
1633,neg
1634,neg
1635,neg
1636,neg
1637,neg
1638,neg
1639,neg
1640,neg
1641,neg
1642,neg
1643,neg
1644,neg
1645,neg
1646,neg
1647,neg
1648,neg
1649,neg
1650,neg
1651,neg
1652,neg
1653,neg
1654,neg
1655,neg
1656,neg
1657,neg
1658,neg
1659,neg
1660,neg
1661,neg
1662,neg
1663,neg
1664,neg
1665,neg
1666,neg
1667,neg
1668,neg
1669,neg
1670,neg
1671,neg
1672,neg
1673,neg
1674,neg
1675,neg
1676,neg
1677,neg
1678,neg
1679,neg
1680,neg
1681,neg
1682,neg
1683,neg
1684,neg
1685,neg
1686,neg
1687,neg
1688,neg
1689,neg
1690,neg
1691,neg
1692,neg
1693,neg
1694,neg
1695,neg
1696,neg
1697,neg
1698,neg
1699,neg
1700,neg
1701,neg
1702,neg
1703,neg
1704,neg
1705,neg
1706,neg
1707,neg
1708,neg
1709,neg
1710,neg
1711,neg
1712,neg
1713,neg
1714,neg
1715,neg
1716,neg
1717,neg
1718,neg
1719,neg
1720,neg
1721,neg
1722,neg
1723,neg
1724,neg
1725,neg
1726,neg
1727,neg
1728,neg
1729,neg
1730,neg
1731,neg
1732,neg
1733,neg
1734,neg
1735,neg
1736,neg
1737,neg
1738,neg
1739,neg
1740,neg
1741,neg
1742,neg
1743,neg
1744,neg
1745,neg
1746,neg
1747,neg
1748,neg
1749,neg
1750,neg
1751,neg
1752,neg
1753,neg
1754,neg
1755,neg
1756,neg
1757,neg
1758,neg
1759,neg
1760,neg
1761,neg
1762,neg
1763,neg
1764,neg
1765,neg
1766,neg
1767,neg
1768,neg
1769,neg
1770,neg
1771,neg
1772,neg
1773,neg
1774,neg
1775,neg
1776,neg
1777,neg
1778,neg
1779,neg
1780,neg
1781,neg
1782,neg
1783,neg
1784,neg
1785,neg
1786,neg
1787,neg
1788,neg
1789,neg
1790,neg
1791,neg
1792,neg
1793,neg
1794,neg
1795,neg
1796,neg
1797,neg
1798,neg
1799,neg
1800,neg
1801,neg
1802,neg
1803,neg
1804,neg
1805,neg
1806,neg
1807,neg
1808,neg
1809,neg
1810,neg
1811,neg
1812,neg
1813,neg
1814,neg
1815,neg
1816,neg
1817,neg
1818,neg
1819,neg
1820,neg
1821,neg
1822,neg
1823,neg
1824,neg
1825,neg
1826,neg
1827,neg
1828,neg
1829,neg
1830,neg
1831,neg
1832,neg
1833,neg
1834,neg
1835,neg
1836,neg
1837,neg
1838,neg
1839,neg
1840,neg
1841,neg
1842,neg
1843,neg
1844,neg
1845,neg
1846,neg
1847,neg
1848,neg
1849,neg
1850,neg
1851,neg
1852,neg
1853,neg
1854,neg
1855,neg
1856,neg
1857,neg
1858,neg
1859,neg
1860,neg
1861,neg
1862,neg
1863,neg
1864,neg
1865,neg
1866,neg
1867,neg
1868,neg
1869,neg
1870,neg
1871,neg
1872,neg
1873,neg
1874,neg
1875,neg
1876,neg
1877,neg
1878,neg
1879,neg
1880,neg
1881,neg
1882,neg
1883,neg
1884,neg
1885,neg
1886,neg
1887,neg
1888,neg
1889,neg
1890,neg
1891,neg
1892,neg
1893,neg
1894,neg
1895,neg
1896,neg
1897,neg
1898,neg
1899,neg
1900,neg
1901,neg
1902,neg
1903,neg
1904,neg
1905,neg
1906,neg
1907,neg
1908,neg
1909,neg
1910,neg
1911,neg
1912,neg
1913,neg
1914,neg
1915,neg
1916,neg
1917,neg
1918,neg
1919,neg
1920,neg
1921,neg
1922,neg
1923,neg
1924,neg
1925,neg
1926,neg
1927,neg
1928,neg
1929,neg
1930,neg
1931,neg
1932,neg
1933,neg
1934,neg
1935,neg
1936,neg
1937,neg
1938,neg
1939,neg
1940,neg
1941,neg
1942,neg
1943,neg
1944,neg
1945,neg
1946,neg
1947,neg
1948,neg
1949,neg
1950,neg
1951,neg
1952,neg
1953,neg
1954,neg
1955,neg
1956,neg
1957,neg
1958,neg
1959,neg
1960,neg
1961,neg
1962,neg
1963,neg
1964,neg
1965,neg
1966,neg
1967,neg
1968,neg
1969,neg
1970,neg
1971,neg
1972,neg
1973,neg
1974,neg
1975,neg
1976,neg
1977,neg
1978,neg
1979,neg
1980,neg
1981,neg
1982,neg
1983,neg
1984,neg
1985,neg
1986,neg
1987,neg
1988,neg
1989,neg
1990,neg
1991,neg
1992,neg
1993,neg
1994,neg
1995,neg
1996,neg
1997,neg
1998,neg
1999,neg
2000,neg
2001,neg
2002,neg
2003,neg
2004,neg
2005,neg
2006,neg
2007,neg
2008,neg
2009,neg
2010,neg
2011,neg
2012,neg
2013,neg
2014,neg
2015,neg
2016,neg
2017,neg
2018,neg
2019,neg
2020,neg
2021,neg
2022,neg
2023,neg
2024,neg
2025,neg
2026,neg
2027,neg
2028,neg
2029,neg
2030,neg
2031,neg
2032,neg
2033,neg
2034,neg
2035,neg
2036,neg
2037,neg
2038,neg
2039,neg
2040,neg
2041,neg
2042,neg
2043,neg
2044,neg
2045,neg
2046,neg
2047,neg
2048,neg
2049,neg
2050,neg
2051,neg
2052,neg
2053,neg
2054,neg
2055,neg
2056,neg
2057,neg
2058,neg
2059,neg
2060,neg
2061,neg
2062,neg
2063,neg
2064,neg
2065,neg
2066,neg
2067,neg
2068,neg
2069,neg
2070,neg
2071,neg
2072,neg
2073,neg
2074,neg
2075,neg
2076,neg
2077,neg
2078,neg
2079,neg
2080,neg
2081,neg
2082,neg
2083,neg
2084,neg
2085,neg
2086,neg
2087,neg
2088,neg
2089,neg
2090,neg
2091,neg
2092,neg
2093,neg
2094,neg
2095,neg
2096,neg
2097,neg
2098,neg
2099,neg
2100,neg
2101,neg
2102,neg
2103,neg
2104,neg
2105,neg
2106,neg
2107,neg
2108,neg
2109,neg
2110,neg
2111,neg
2112,neg
2113,neg
2114,neg
2115,neg
2116,neg
2117,neg
2118,neg
2119,neg
2120,neg
2121,neg
2122,neg
2123,neg
2124,neg
2125,neg
2126,neg
2127,neg
2128,neg
2129,neg
2130,neg
2131,neg
2132,neg
2133,neg
2134,neg
2135,neg
2136,neg
2137,neg
2138,neg
2139,neg
2140,neg
2141,neg
2142,neg
2143,neg
2144,neg
2145,neg
2146,neg
2147,neg
2148,neg
2149,neg
2150,neg
2151,neg
2152,neg
2153,neg
2154,neg
2155,neg
2156,neg
2157,neg
2158,neg
2159,neg
2160,neg
2161,neg
2162,neg
2163,neg
2164,neg
2165,neg
2166,neg
2167,neg
2168,neg
2169,neg
2170,neg
2171,neg
2172,neg
2173,neg
2174,neg
2175,neg
2176,neg
2177,neg
2178,neg
2179,neg
2180,neg
2181,neg
2182,neg
2183,neg
2184,neg
2185,neg
2186,neg
2187,neg
2188,neg
2189,neg
2190,neg
2191,neg
2192,neg
2193,neg
2194,neg
2195,neg
2196,neg
2197,neg
2198,neg
2199,neg
2200,neg
2201,neg
2202,neg
2203,neg
2204,neg
2205,neg
2206,neg
2207,neg
2208,neg
2209,neg
2210,neg
2211,neg
2212,neg
2213,neg
2214,neg
2215,neg
2216,neg
2217,neg
2218,neg
2219,neg
2220,neg
2221,neg
2222,neg
2223,neg
2224,neg
2225,neg
2226,neg
2227,neg
2228,neg
2229,neg
2230,neg
2231,neg
2232,neg
2233,neg
2234,neg
2235,neg
2236,neg
2237,neg
2238,neg
2239,neg
2240,neg
2241,neg
2242,neg
2243,neg
2244,neg
2245,neg
2246,neg
2247,neg
2248,neg
2249,neg
2250,neg
2251,neg
2252,neg
2253,neg
2254,neg
2255,neg
2256,neg
2257,neg
2258,neg
2259,neg
2260,neg
2261,neg
2262,neg
2263,neg
2264,neg
2265,neg
2266,neg
2267,neg
2268,neg
2269,neg
2270,neg
2271,neg
2272,neg
2273,neg
2274,neg
2275,neg
2276,neg
2277,neg
2278,neg
2279,neg
2280,neg
2281,neg
2282,neg
2283,neg
2284,neg
2285,neg
2286,neg
2287,neg
2288,neg
2289,neg
2290,neg
2291,neg
2292,neg
2293,neg
2294,neg
2295,neg
2296,neg
2297,neg
2298,neg
2299,neg
2300,neg
2301,neg
2302,neg
2303,neg
2304,neg
2305,neg
2306,neg
2307,neg
2308,neg
2309,neg
2310,neg
2311,neg
2312,neg
2313,neg
2314,neg
2315,neg
2316,neg
2317,neg
2318,neg
2319,neg
2320,neg
2321,neg
2322,neg
2323,neg
2324,neg
2325,neg
2326,neg
2327,neg
2328,neg
2329,neg
2330,neg
2331,neg
2332,neg
2333,neg
2334,neg
2335,neg
2336,neg
2337,neg
2338,neg
2339,neg
2340,neg
2341,neg
2342,neg
2343,neg
2344,neg
2345,neg
2346,neg
2347,neg
2348,neg
2349,neg
2350,neg
2351,neg
2352,neg
2353,neg
2354,neg
2355,neg
2356,neg
2357,neg
2358,neg
2359,neg
2360,neg
2361,neg
2362,neg
2363,neg
2364,neg
2365,neg
2366,neg
2367,neg
2368,neg
2369,neg
2370,neg
2371,neg
2372,neg
2373,neg
2374,neg
2375,neg
2376,neg
2377,neg
2378,neg
2379,neg
2380,neg
2381,neg
2382,neg
2383,neg
2384,neg
2385,neg
2386,neg
2387,neg
2388,neg
2389,neg
2390,neg
2391,neg
2392,neg
2393,neg
2394,neg
2395,neg
2396,neg
2397,neg
2398,neg
2399,neg
2400,neg
2401,neg
2402,neg
2403,neg
2404,neg
2405,neg
2406,neg
2407,neg
2408,neg
2409,neg
2410,neg
2411,neg
2412,neg
2413,neg
2414,neg
2415,neg
2416,neg
2417,neg
2418,neg
2419,neg
2420,neg
2421,neg
2422,neg
2423,neg
2424,neg
2425,neg
2426,neg
2427,neg
2428,neg
2429,neg
2430,neg
2431,neg
2432,neg
2433,neg
2434,neg
2435,neg
2436,neg
2437,neg
2438,neg
2439,neg
2440,neg
2441,neg
2442,neg
2443,neg
2444,neg
2445,neg
2446,neg
2447,neg
2448,neg
2449,neg
2450,neg
2451,neg
2452,neg
2453,neg
2454,neg
2455,neg
2456,neg
2457,neg
2458,neg
2459,neg
2460,neg
2461,neg
2462,neg
2463,neg
2464,neg
2465,neg
2466,neg
2467,neg
2468,neg
2469,neg
2470,neg
2471,neg
2472,neg
2473,neg
2474,neg
2475,neg
2476,neg
2477,neg
2478,neg
2479,neg
2480,neg
2481,neg
2482,neg
2483,neg
2484,neg
2485,neg
2486,neg
2487,neg
2488,neg
2489,neg
2490,neg
2491,neg
2492,neg
2493,neg
2494,neg
2495,neg
2496,neg
2497,neg
2498,neg
2499,neg
2500,neg
2501,neg
2502,neg
2503,neg
2504,neg
2505,neg
2506,neg
2507,neg
2508,neg
2509,neg
2510,neg
2511,neg
2512,neg
2513,neg
2514,neg
2515,neg
2516,neg
2517,neg
2518,neg
2519,neg
2520,neg
2521,neg
2522,neg
2523,neg
2524,neg
2525,neg
2526,neg
2527,neg
2528,neg
2529,neg
2530,neg
2531,neg
2532,neg
2533,neg
2534,neg
2535,neg
2536,neg
2537,neg
2538,neg
2539,neg
2540,neg
2541,neg
2542,neg
2543,neg
2544,neg
2545,neg
2546,neg
2547,neg
2548,neg
2549,neg
2550,neg
2551,neg
2552,neg
2553,neg
2554,neg
2555,neg
2556,neg
2557,neg
2558,neg
2559,neg
2560,neg
2561,neg
2562,neg
2563,neg
2564,neg
2565,neg
2566,neg
2567,neg
2568,neg
2569,neg
2570,neg
2571,neg
2572,neg
2573,neg
2574,neg
2575,neg
2576,neg
2577,neg
2578,neg
2579,neg
2580,neg
2581,neg
2582,neg
2583,neg
2584,neg
2585,neg
2586,neg
2587,neg
2588,neg
2589,neg
2590,neg
2591,neg
2592,neg
2593,neg
2594,neg
2595,neg
2596,neg
2597,neg
2598,neg
2599,neg
2600,neg
2601,neg
2602,neg
2603,neg
2604,neg
2605,neg
2606,neg
2607,neg
2608,neg
2609,neg
2610,neg
2611,neg
2612,neg
2613,neg
2614,neg
2615,neg
2616,neg
2617,neg
2618,neg
2619,neg
2620,neg
2621,neg
2622,neg
2623,neg
2624,neg
2625,neg
2626,neg
2627,neg
2628,neg
2629,neg
2630,neg
2631,neg
2632,neg
2633,neg
2634,neg
2635,neg
2636,neg
2637,neg
2638,neg
2639,neg
2640,neg
2641,neg
2642,neg
2643,neg
2644,neg
2645,neg
2646,neg
2647,neg
2648,neg
2649,neg
2650,neg
2651,neg
2652,neg
2653,neg
2654,neg
2655,neg
2656,neg
2657,neg
2658,neg
2659,neg
2660,neg
2661,neg
2662,neg
2663,neg
2664,neg
2665,neg
2666,neg
2667,neg
2668,neg
2669,neg
2670,neg
2671,neg
2672,neg
2673,neg
2674,neg
2675,neg
2676,neg
2677,neg
2678,neg
2679,neg
2680,neg
2681,neg
2682,neg
2683,neg
2684,neg
2685,neg
2686,neg
2687,neg
2688,neg
2689,neg
2690,neg
2691,neg
2692,neg
2693,neg
2694,neg
2695,neg
2696,neg
2697,neg
2698,neg
2699,neg
2700,neg
2701,neg
2702,neg
2703,neg
2704,neg
2705,neg
2706,neg
2707,neg
2708,neg
2709,neg
2710,neg
2711,neg
2712,neg
2713,neg
2714,neg
2715,neg
2716,neg
2717,neg
2718,neg
2719,neg
2720,neg
2721,neg
2722,neg
2723,neg
2724,neg
2725,neg
2726,neg
2727,neg
2728,neg
2729,neg
2730,neg
2731,neg
2732,neg
2733,neg
2734,neg
2735,neg
2736,neg
2737,neg
2738,neg
2739,neg
2740,neg
2741,neg
2742,neg
2743,neg
2744,neg
2745,neg
2746,neg
2747,neg
2748,neg
2749,neg
2750,neg
2751,neg
2752,neg
2753,neg
2754,neg
2755,neg
2756,neg
2757,neg
2758,neg
2759,neg
2760,neg
2761,neg
2762,neg
2763,neg
2764,neg
2765,neg
2766,neg
2767,neg
2768,neg
2769,neg
2770,neg
2771,neg
2772,neg
2773,neg
2774,neg
2775,neg
2776,neg
2777,neg
2778,neg
2779,neg
2780,neg
2781,neg
2782,neg
2783,neg
2784,neg
2785,neg
2786,neg
2787,neg
2788,neg
2789,neg
2790,neg
2791,neg
2792,neg
2793,neg
2794,neg
2795,neg
2796,neg
2797,neg
2798,neg
2799,neg
2800,neg
2801,neg
2802,neg
2803,neg
2804,neg
2805,neg
2806,neg
2807,neg
2808,neg
2809,neg
2810,neg
2811,neg
2812,neg
2813,neg
2814,neg
2815,neg
2816,neg
2817,neg
2818,neg
2819,neg
2820,neg
2821,neg
2822,neg
2823,neg
2824,neg
2825,neg
2826,neg
2827,neg
2828,neg
2829,neg
2830,neg
2831,neg
2832,neg
2833,neg
2834,neg
2835,neg
2836,neg
2837,neg
2838,neg
2839,neg
2840,neg
2841,neg
2842,neg
2843,neg
2844,neg
2845,neg
2846,neg
2847,neg
2848,neg
2849,neg
2850,neg
2851,neg
2852,neg
2853,neg
2854,neg
2855,neg
2856,neg
2857,neg
2858,neg
2859,neg
2860,neg
2861,neg
2862,neg
2863,neg
2864,neg
2865,neg
2866,neg
2867,neg
2868,neg
2869,neg
2870,neg
2871,neg
2872,neg
2873,neg
2874,neg
2875,neg
2876,neg
2877,neg
2878,neg
2879,neg
2880,neg
2881,neg
2882,neg
2883,neg
2884,neg
2885,neg
2886,neg
2887,neg
2888,neg
2889,neg
2890,neg
2891,neg
2892,neg
2893,neg
2894,neg
2895,neg
2896,neg
2897,neg
2898,neg
2899,neg
2900,neg
2901,neg
2902,neg
2903,neg
2904,neg
2905,neg
2906,neg
2907,neg
2908,neg
2909,neg
2910,neg
2911,neg
2912,neg
2913,neg
2914,neg
2915,neg
2916,neg
2917,neg
2918,neg
2919,neg
2920,neg
2921,neg
2922,neg
2923,neg
2924,neg
2925,neg
2926,neg
2927,neg
2928,neg
2929,neg
2930,neg
2931,neg
2932,neg
2933,neg
2934,neg
2935,neg
2936,neg
2937,neg
2938,neg
2939,neg
2940,neg
2941,neg
2942,neg
2943,neg
2944,neg
2945,neg
2946,neg
2947,neg
2948,neg
2949,neg
2950,neg
2951,neg
2952,neg
2953,neg
2954,neg
2955,neg
2956,neg
2957,neg
2958,neg
2959,neg
2960,neg
2961,neg
2962,neg
2963,neg
2964,neg
2965,neg
2966,neg
2967,neg
2968,neg
2969,neg
2970,neg
2971,neg
2972,neg
2973,neg
2974,neg
2975,neg
2976,neg
2977,neg
2978,neg
2979,neg
2980,neg
2981,neg
2982,neg
2983,neg
2984,neg
2985,neg
2986,neg
2987,neg
2988,neg
2989,neg
2990,neg
2991,neg
2992,neg
2993,neg
2994,neg
2995,neg
2996,neg
2997,neg
2998,neg
2999,neg
3000,neg
3001,neg
3002,neg
3003,neg
3004,neg
3005,neg
3006,neg
3007,neg
3008,neg
3009,neg
3010,neg
3011,neg
3012,neg
3013,neg
3014,neg
3015,neg
3016,neg
3017,neg
3018,neg
3019,neg
3020,neg
3021,neg
3022,neg
3023,neg
3024,neg
3025,neg
3026,neg
3027,neg
3028,neg
3029,neg
3030,neg
3031,neg
3032,neg
3033,neg
3034,neg
3035,neg
3036,neg
3037,neg
3038,neg
3039,neg
3040,neg
3041,neg
3042,neg
3043,neg
3044,neg
3045,neg
3046,neg
3047,neg
3048,neg
3049,neg
3050,neg
3051,neg
3052,neg
3053,neg
3054,neg
3055,neg
3056,neg
3057,neg
3058,neg
3059,neg
3060,neg
3061,neg
3062,neg
3063,neg
3064,neg
3065,neg
3066,neg
3067,neg
3068,neg
3069,neg
3070,neg
3071,neg
3072,neg
3073,neg
3074,neg
3075,neg
3076,neg
3077,neg
3078,neg
3079,neg
3080,neg
3081,neg
3082,neg
3083,neg
3084,neg
3085,neg
3086,neg
3087,neg
3088,neg
3089,neg
3090,neg
3091,neg
3092,neg
3093,neg
3094,neg
3095,neg
3096,neg
3097,neg
3098,neg
3099,neg
3100,neg
3101,neg
3102,neg
3103,neg
3104,neg
3105,neg
3106,neg
3107,neg
3108,neg
3109,neg
3110,neg
3111,neg
3112,neg
3113,neg
3114,neg
3115,neg
3116,neg
3117,neg
3118,neg
3119,neg
3120,neg
3121,neg
3122,neg
3123,neg
3124,neg
3125,neg
3126,neg
3127,neg
3128,neg
3129,neg
3130,neg
3131,neg
3132,neg
3133,neg
3134,neg
3135,neg
3136,neg
3137,neg
3138,neg
3139,neg
3140,neg
3141,neg
3142,neg
3143,neg
3144,neg
3145,neg
3146,neg
3147,neg
3148,neg
3149,neg
3150,neg
3151,neg
3152,neg
3153,neg
3154,neg
3155,neg
3156,neg
3157,neg
3158,neg
3159,neg
3160,neg
3161,neg
3162,neg
3163,neg
3164,neg
3165,neg
3166,neg
3167,neg
3168,neg
3169,neg
3170,neg
3171,neg
3172,neg
3173,neg
3174,neg
3175,neg
3176,neg
3177,neg
3178,neg
3179,neg
3180,neg
3181,neg
3182,neg
3183,neg
3184,neg
3185,neg
3186,neg
3187,neg
3188,neg
3189,neg
3190,neg
3191,neg
3192,neg
3193,neg
3194,neg
3195,neg
3196,neg
3197,neg
3198,neg
3199,neg
3200,neg
3201,neg
3202,neg
3203,neg
3204,neg
3205,neg
3206,neg
3207,neg
3208,neg
3209,neg
3210,neg
3211,neg
3212,neg
3213,neg
3214,neg
3215,neg
3216,neg
3217,neg
3218,neg
3219,neg
3220,neg
3221,neg
3222,neg
3223,neg
3224,neg
3225,neg
3226,neg
3227,neg
3228,neg
3229,neg
3230,neg
3231,neg
3232,neg
3233,neg
3234,neg
3235,neg
3236,neg
3237,neg
3238,neg
3239,neg
3240,neg
3241,neg
3242,neg
3243,neg
3244,neg
3245,neg
3246,neg
3247,neg
3248,neg
3249,neg
3250,neg
3251,neg
3252,neg
3253,neg
3254,neg
3255,neg
3256,neg
3257,neg
3258,neg
3259,neg
3260,neg
3261,neg
3262,neg
3263,neg
3264,neg
3265,neg
3266,neg
3267,neg
3268,neg
3269,neg
3270,neg
3271,neg
3272,neg
3273,neg
3274,neg
3275,neg
3276,neg
3277,neg
3278,neg
3279,neg
3280,neg
3281,neg
3282,neg
3283,neg
3284,neg
3285,neg
3286,neg
3287,neg
3288,neg
3289,neg
3290,neg
3291,neg
3292,neg
3293,neg
3294,neg
3295,neg
3296,neg
3297,neg
3298,neg
3299,neg
3300,neg
3301,neg
3302,neg
3303,neg
3304,neg
3305,neg
3306,neg
3307,neg
3308,neg
3309,neg
3310,neg
3311,neg
3312,neg
3313,neg
3314,neg
3315,neg
3316,neg
3317,neg
3318,neg
3319,neg
3320,neg
3321,neg
3322,neg
3323,neg
3324,neg
3325,neg
3326,neg
3327,neg
3328,neg
3329,neg
3330,neg
3331,neg
3332,neg
3333,neg
3334,neg
3335,neg
3336,neg
3337,neg
3338,neg
3339,neg
3340,neg
3341,neg
3342,neg
3343,neg
3344,neg
3345,neg
3346,neg
3347,neg
3348,neg
3349,neg
3350,neg
3351,neg
3352,neg
3353,neg
3354,neg
3355,neg
3356,neg
3357,neg
3358,neg
3359,neg
3360,neg
3361,neg
3362,neg
3363,neg
3364,neg
3365,neg
3366,neg
3367,neg
3368,neg
3369,neg
3370,neg
3371,neg
3372,neg
3373,neg
3374,neg
3375,neg
3376,neg
3377,neg
3378,neg
3379,neg
3380,neg
3381,neg
3382,neg
3383,neg
3384,neg
3385,neg
3386,neg
3387,neg
3388,neg
3389,neg
3390,neg
3391,neg
3392,neg
3393,neg
3394,neg
3395,neg
3396,neg
3397,neg
3398,neg
3399,neg
3400,neg
3401,neg
3402,neg
3403,neg
3404,neg
3405,neg
3406,neg
3407,neg
3408,neg
3409,neg
3410,neg
3411,neg
3412,neg
3413,neg
3414,neg
3415,neg
3416,neg
3417,neg
3418,neg
3419,neg
3420,neg
3421,neg
3422,neg
3423,neg
3424,neg
3425,neg
3426,neg
3427,neg
3428,neg
3429,neg
3430,neg
3431,neg
3432,neg
3433,neg
3434,neg
3435,neg
3436,neg
3437,neg
3438,neg
3439,neg
3440,neg
3441,neg
3442,neg
3443,neg
3444,neg
3445,neg
3446,neg
3447,neg
3448,neg
3449,neg
3450,neg
3451,neg
3452,neg
3453,neg
3454,neg
3455,neg
3456,neg
3457,neg
3458,neg
3459,neg
3460,neg
3461,neg
3462,neg
3463,neg
3464,neg
3465,neg
3466,neg
3467,neg
3468,neg
3469,neg
3470,neg
3471,neg
3472,neg
3473,neg
3474,neg
3475,neg
3476,neg
3477,neg
3478,neg
3479,neg
3480,neg
3481,neg
3482,neg
3483,neg
3484,neg
3485,neg
3486,neg
3487,neg
3488,neg
3489,neg
3490,neg
3491,neg
3492,neg
3493,neg
3494,neg
3495,neg
3496,neg
3497,neg
3498,neg
3499,neg
3500,neg
3501,neg
3502,neg
3503,neg
3504,neg
3505,neg
3506,neg
3507,neg
3508,neg
3509,neg
3510,neg
3511,neg
3512,neg
3513,neg
3514,neg
3515,neg
3516,neg
3517,neg
3518,neg
3519,neg
3520,neg
3521,neg
3522,neg
3523,neg
3524,neg
3525,neg
3526,neg
3527,neg
3528,neg
3529,neg
3530,neg
3531,neg
3532,neg
3533,neg
3534,neg
3535,neg
3536,neg
3537,neg
3538,neg
3539,neg
3540,neg
3541,neg
3542,neg
3543,neg
3544,neg
3545,neg
3546,neg
3547,neg
3548,neg
3549,neg
3550,neg
3551,neg
3552,neg
3553,neg
3554,neg
3555,neg
3556,neg
3557,neg
3558,neg
3559,neg
3560,neg
3561,neg
3562,neg
3563,neg
3564,neg
3565,neg
3566,neg
3567,neg
3568,neg
3569,neg
3570,neg
3571,neg
3572,neg
3573,neg
3574,neg
3575,neg
3576,neg
3577,neg
3578,neg
3579,neg
3580,neg
3581,neg
3582,neg
3583,neg
3584,neg
3585,neg
3586,neg
3587,neg
3588,neg
3589,neg
3590,neg
3591,neg
3592,neg
3593,neg
3594,neg
3595,neg
3596,neg
3597,neg
3598,neg
3599,neg
3600,neg
3601,neg
3602,neg
3603,neg
3604,neg
3605,neg
3606,neg
3607,neg
3608,neg
3609,neg
3610,neg
3611,neg
3612,neg
3613,neg
3614,neg
3615,neg
3616,neg
3617,neg
3618,neg
3619,neg
3620,neg
3621,neg
3622,neg
3623,neg
3624,neg
3625,neg
3626,neg
3627,neg
3628,neg
3629,neg
3630,neg
3631,neg
3632,neg
3633,neg
3634,neg
3635,neg
3636,neg
3637,neg
3638,neg
3639,neg
3640,neg
3641,neg
3642,neg
3643,neg
3644,neg
3645,neg
3646,neg
3647,neg
3648,neg
3649,neg
3650,neg
3651,neg
3652,neg
3653,neg
3654,neg
3655,neg
3656,neg
3657,neg
3658,neg
3659,neg
3660,neg
3661,neg
3662,neg
3663,neg
3664,neg
3665,neg
3666,neg
3667,neg
3668,neg
3669,neg
3670,neg
3671,neg
3672,neg
3673,neg
3674,neg
3675,neg
3676,neg
3677,neg
3678,neg
3679,neg
3680,neg
3681,neg
3682,neg
3683,neg
3684,neg
3685,neg
3686,neg
3687,neg
3688,neg
3689,neg
3690,neg
3691,neg
3692,neg
3693,neg
3694,neg
3695,neg
3696,neg
3697,neg
3698,neg
3699,neg
3700,neg
3701,neg
3702,neg
3703,neg
3704,neg
3705,neg
3706,neg
3707,neg
3708,neg
3709,neg
3710,neg
3711,neg
3712,neg
3713,neg
